Year,Pos,Pld,W,D,L,GF,GA,GD,Pts,Team,PredictedPos,PosDiff,accurate_prediction
1980–81,1,34,20,5,9,66,37,29,45,Real Sociedad,1,0,True
1980–81,2,34,19,7,8,52,29,23,45,Real Madrid,2,0,True
1980–81,3,34,17,8,9,59,41,18,42,Atlético Madrid,3,0,True
1980–81,4,34,16,10,8,46,39,7,42,Valencia,4,0,True
1980–81,5,34,18,5,11,66,41,25,41,Barcelona,5,0,True
1980–81,6,34,17,6,11,55,38,17,40,Real Betis,5,1,False
1980–81,7,34,14,10,10,58,40,18,38,Sporting Gijón,7,0,True
1980–81,8,34,14,9,11,34,42,−8,37,Sevilla,8,0,True
1980–81,9,34,14,7,13,64,53,11,35,Athletic Bilbao,9,0,True
1980–81,10,34,14,6,14,37,42,−5,34,Español,10,0,True
1980–81,11,34,12,8,14,35,46,−11,32,Osasuna,11,0,True
1980–81,12,34,9,13,12,40,46,−6,31,Valladolid,12,0,True
1980–81,13,34,10,10,14,42,48,−6,30,Hércules,15,2,False
1980–81,14,34,9,11,14,31,44,−13,29,Zaragoza,7,7,False
1980–81,15,34,12,4,18,47,61,−14,28,Las Palmas,6,9,False
1980–81,16,34,8,7,19,35,49,−14,23,Murcia,20,4,False
1980–81,17,34,7,7,20,32,67,−35,21,Salamanca,17,0,True
1980–81,18,34,6,7,21,30,66,−36,19,Almería,10,8,False
1981–82,1,34,20,7,7,58,33,25,47,Real Sociedad,1,0,True
1981–82,2,34,19,7,8,75,40,35,45,Barcelona,1,1,False
1981–82,3,34,18,8,8,57,34,23,44,Real Madrid,1,2,False
1981–82,4,34,18,4,12,63,41,22,40,Athletic Bilbao,4,0,True
1981–82,5,34,17,5,12,54,46,8,39,Valencia,5,0,True
1981–82,6,34,15,6,13,53,44,9,36,Real Betis,6,0,True
1981–82,7,34,15,5,14,52,39,13,35,Sevilla,7,0,True
1981–82,8,34,15,4,15,38,37,1,34,Atlético Madrid,3,5,False
1981–82,9,34,13,8,13,40,53,−13,34,Valladolid,12,3,False
1981–82,10,34,14,6,14,45,45,0,34,Osasuna,11,1,False
1981–82,11,34,13,8,13,45,56,−11,34,Zaragoza,11,0,True
1981–82,12,34,12,8,14,41,52,−11,32,Racing Santander,12,0,True
1981–82,13,34,13,6,15,48,55,−7,32,Español,13,0,True
1981–82,14,34,10,9,15,38,44,−6,29,Sporting Gijón,6,8,False
1981–82,15,34,11,7,16,41,53,−12,29,Las Palmas,15,0,True
1981–82,16,34,13,3,18,31,47,−16,29,Cádiz,18,2,False
1981–82,17,34,11,5,18,41,52,−11,27,Hércules,15,2,False
1981–82,18,34,3,6,25,33,82,−49,12,Castellón,18,0,True
1982–83,1,34,22,6,6,71,36,35,50,Athletic Bilbao,3,2,False
1982–83,2,34,20,9,5,57,25,32,49,Real Madrid,1,1,False
1982–83,3,34,20,6,8,56,38,18,46,Atlético Madrid,3,0,True
1982–83,4,34,17,10,7,60,29,31,44,Barcelona,1,3,False
1982–83,5,34,15,12,7,44,31,13,42,Sevilla,5,0,True
1982–83,6,34,17,6,11,59,39,20,40,Zaragoza,6,0,True
1982–83,7,34,12,12,10,29,27,2,36,Real Sociedad,1,6,False
1982–83,8,34,9,15,10,31,32,−1,33,Sporting Gijón,18,10,False
1982–83,9,34,13,6,15,45,47,−2,32,Español,9,0,True
1982–83,10,34,10,10,14,37,48,−11,30,Málaga,10,0,True
1982–83,11,34,9,12,13,42,45,−3,30,Real Betis,11,0,True
1982–83,12,34,9,11,14,34,51,−17,29,Valladolid,16,4,False
1982–83,13,34,10,8,16,31,48,−17,28,Salamanca,17,4,False
1982–83,14,34,10,6,18,39,54,−15,26,Osasuna,11,3,False
1982–83,15,34,9,7,18,42,56,−14,25,Valencia,15,0,True
1982–83,16,34,7,11,16,32,55,−23,25,Las Palmas,16,0,True
1982–83,17,34,9,6,19,27,56,−29,24,Celta Vigo,11,6,False
1982–83,18,34,9,5,20,44,63,−19,23,Racing Santander,17,1,False
1983–84,1,34,20,9,5,53,30,23,49,Athletic Bilbao,1,0,True
1983–84,2,34,22,5,7,59,37,22,49,Real Madrid,2,0,True
1983–84,3,34,20,8,6,62,28,34,48,Barcelona,3,0,True
1983–84,4,34,17,8,9,53,47,6,42,Atlético Madrid,4,0,True
1983–84,5,34,17,4,13,45,40,5,38,Real Betis,5,0,True
1983–84,6,34,14,9,11,43,35,8,37,Real Sociedad,7,1,False
1983–84,7,34,12,11,11,50,41,9,35,Zaragoza,7,0,True
1983–84,8,34,13,8,13,42,43,−1,34,Sevilla,8,0,True
1983–84,9,34,11,11,12,41,35,6,33,Málaga,10,1,False
1983–84,10,34,10,13,11,42,44,−2,33,Español,10,0,True
1983–84,11,34,10,12,12,42,38,4,32,Murcia,18,7,False
1983–84,12,34,12,8,14,45,47,−2,32,Valencia,4,8,False
1983–84,13,34,11,8,15,38,47,−9,30,Sporting Gijón,13,0,True
1983–84,14,34,11,7,16,44,60,−16,29,Valladolid,12,2,False
1983–84,15,34,11,6,17,30,44,−14,28,Osasuna,6,9,False
1983–84,16,34,6,10,18,36,51,−15,22,Cádiz,18,2,False
1983–84,17,34,3,15,16,27,56,−29,21,Mallorca,5,12,False
1983–84,18,34,5,10,19,30,59,−29,20,Salamanca,7,11,False
1984–85,1,34,21,11,2,69,25,44,53,Barcelona,1,0,True
1984–85,2,34,16,11,7,51,28,23,43,Atlético Madrid,2,0,True
1984–85,3,34,13,15,6,39,26,13,41,Athletic Bilbao,3,0,True
1984–85,4,34,13,15,6,34,23,11,41,Sporting Gijón,13,9,False
1984–85,5,34,13,10,11,46,36,10,36,Real Madrid,5,0,True
1984–85,6,34,13,8,13,38,38,0,34,Osasuna,6,0,True
1984–85,7,34,11,12,11,41,33,8,34,Real Sociedad,7,0,True
1984–85,8,34,11,12,11,40,44,−4,34,Español,8,0,True
1984–85,9,34,9,15,10,40,37,3,33,Valencia,9,0,True
1984–85,10,34,11,11,12,39,39,0,33,Zaragoza,7,3,False
1984–85,11,34,10,12,12,27,34,−7,32,Racing Santander,12,1,False
1984–85,12,34,10,11,13,29,41,−12,31,Sevilla,12,0,True
1984–85,13,34,7,16,11,39,45,−6,30,Valladolid,12,1,False
1984–85,14,34,11,8,15,37,43,−6,30,Real Betis,6,8,False
1984–85,15,34,9,12,13,28,45,−17,30,Hércules,15,0,True
1984–85,16,34,7,15,12,23,36,−13,29,Málaga,10,6,False
1984–85,17,34,6,14,14,18,37,−19,26,Elche,17,0,True
1984–85,18,34,6,10,18,24,52,−28,22,Murcia,19,1,False
1985–86,1,34,26,4,4,83,33,50,56,Real Madrid,5,4,False
1985–86,2,34,18,9,7,61,36,25,45,Barcelona,2,0,True
1985–86,3,34,17,9,8,44,31,13,43,Athletic Bilbao,3,0,True
1985–86,4,34,15,12,7,51,34,17,42,Zaragoza,4,0,True
1985–86,5,34,17,8,9,53,38,15,42,Atlético Madrid,5,0,True
1985–86,6,34,13,15,6,37,27,10,41,Sporting Gijón,3,3,False
1985–86,7,34,17,5,12,64,51,13,39,Real Sociedad,7,0,True
1985–86,8,34,11,13,10,40,40,0,35,Real Betis,10,2,False
1985–86,9,34,12,10,12,39,34,5,34,Sevilla,12,3,False
1985–86,10,34,13,6,15,54,48,6,32,Valladolid,16,6,False
1985–86,11,34,11,9,14,43,40,3,31,Español,11,0,True
1985–86,12,34,10,11,13,33,34,−1,31,Racing Santander,12,0,True
1985–86,13,34,9,9,16,37,65,−28,27,Las Palmas,10,3,False
1985–86,14,34,9,9,16,24,33,−9,27,Osasuna,7,7,False
1985–86,15,34,9,8,17,30,58,−28,26,Cádiz,18,3,False
1985–86,16,34,8,9,17,38,62,−24,25,Valencia,16,0,True
1985–86,17,34,8,6,20,35,62,−27,22,Hércules,15,2,False
1985–86,18,34,5,4,25,32,72,−40,14,Celta Vigo,18,0,True
1986–87,1,34,20,10,4,61,29,32,50,Real Madrid,1,0,True
1986–87,2,34,18,13,3,51,22,29,49,Barcelona,2,0,True
1986–87,3,34,17,9,8,52,30,22,43,Español,3,0,True
1986–87,4,34,14,9,11,47,36,11,37,Sporting Gijón,5,1,False
1986–87,5,34,14,8,12,42,46,−4,36,Mallorca,6,1,False
1986–87,6,34,13,10,11,31,30,1,36,Zaragoza,5,1,False
1986–87,7,34,13,9,12,37,40,−3,35,Atlético Madrid,4,3,False
1986–87,8,34,13,8,13,36,43,−7,34,Real Betis,7,1,False
1986–87,9,34,13,8,13,41,35,6,34,Sevilla,4,5,False
1986–87,10,34,13,8,13,45,35,10,34,Real Sociedad,8,2,False
1986–87,11,34,13,6,15,31,43,−12,32,Murcia,18,7,False
1986–87,12,34,11,9,14,31,32,−1,31,Valladolid,8,4,False
1986–87,13,34,11,9,14,39,40,−1,31,Athletic Bilbao,13,0,True
1986–87,14,34,11,7,16,41,48,−7,29,Las Palmas,10,4,False
1986–87,15,34,8,11,15,24,40,−16,27,Osasuna,7,8,False
1986–87,16,34,9,8,17,31,49,−18,26,Racing Santander,12,4,False
1986–87,17,34,7,11,16,28,50,−22,25,Sabadell,18,1,False
1986–87,18,34,8,7,19,22,42,−20,23,Cádiz,18,0,True
1987–88,1,38,28,6,4,95,26,69,62,Real Madrid,1,0,True
1987–88,2,38,22,7,9,61,33,28,51,Real Sociedad,2,0,True
1987–88,3,38,19,10,9,60,38,22,48,Atlético Madrid,3,0,True
1987–88,4,38,17,12,9,50,43,7,46,Athletic Bilbao,4,0,True
1987–88,5,38,15,10,13,40,34,6,40,Osasuna,17,12,False
1987–88,6,38,15,9,14,49,44,5,39,Barcelona,6,0,True
1987–88,7,38,14,11,13,43,40,3,39,Celta Vigo,17,10,False
1987–88,8,38,13,12,13,31,34,−3,38,Valladolid,8,0,True
1987–88,9,38,14,10,14,44,49,−5,38,Sporting Gijón,3,6,False
1987–88,10,38,13,11,14,41,46,−5,37,Sevilla,9,1,False
1987–88,11,38,11,14,13,54,56,−2,36,Zaragoza,9,2,False
1987–88,12,38,11,13,14,47,54,−7,35,Cádiz,18,6,False
1987–88,13,38,12,9,17,28,45,−17,33,Logroñés,13,0,True
1987–88,14,38,10,13,15,44,53,−9,33,Valencia,14,0,True
1987–88,15,38,11,11,16,44,55,−11,33,Español,15,0,True
1987–88,16,38,14,5,19,42,54,−12,33,Real Betis,8,8,False
1987–88,17,38,9,13,16,31,42,−11,31,Murcia,19,2,False
1987–88,18,38,9,12,17,35,50,−15,30,Mallorca,6,12,False
1987–88,19,38,9,11,18,27,48,−21,29,Sabadell,19,0,True
1987–88,20,38,12,5,21,43,65,−22,29,Las Palmas,11,9,False
1988–89,1,38,25,12,1,91,37,54,62,Real Madrid,1,0,True
1988–89,2,38,23,11,4,80,26,54,57,Barcelona,1,1,False
1988–89,3,38,18,13,7,39,26,13,49,Valencia,3,0,True
1988–89,4,38,19,8,11,69,45,24,46,Atlético Madrid,4,0,True
1988–89,5,38,15,13,10,48,42,6,43,Zaragoza,5,0,True
1988–89,6,38,18,7,13,40,31,9,43,Valladolid,6,0,True
1988–89,7,38,15,12,11,45,35,10,42,Athletic Bilbao,7,0,True
1988–89,8,38,14,11,13,42,48,−6,39,Celta Vigo,8,0,True
1988–89,9,38,13,12,13,38,39,−1,38,Sevilla,9,0,True
1988–89,10,38,13,11,14,39,43,−4,37,Osasuna,10,0,True
1988–89,11,38,11,14,13,38,47,−9,36,Real Sociedad,11,0,True
1988–89,12,38,12,11,15,41,48,−7,35,Oviedo,14,2,False
1988–89,13,38,13,9,16,42,42,0,35,Sporting Gijón,14,1,False
1988–89,14,38,9,16,13,25,37,−12,34,Logroñés,13,1,False
1988–89,15,38,9,15,14,31,41,−10,33,Cádiz,18,3,False
1988–89,16,38,12,9,17,39,53,−14,33,Málaga,18,2,False
1988–89,17,38,7,16,15,29,44,−15,30,Español,10,7,False
1988–89,18,38,9,11,18,36,55,−19,29,Real Betis,10,8,False
1988–89,19,38,9,6,23,27,58,−31,24,Murcia,18,1,False
1988–89,20,38,4,7,27,29,71,−42,15,Elche,17,3,False
1989–90,1,38,26,10,2,107,38,69,62,Real Madrid,1,0,True
1989–90,2,38,20,13,5,67,42,25,53,Valencia,2,0,True
1989–90,3,38,23,5,10,83,39,44,51,Barcelona,3,0,True
1989–90,4,38,20,10,8,55,35,20,50,Atlético Madrid,4,0,True
1989–90,5,38,15,14,9,43,35,8,44,Real Sociedad,5,0,True
1989–90,6,38,18,7,13,64,46,18,43,Sevilla,6,0,True
1989–90,7,38,18,5,15,47,51,−4,41,Logroñés,7,0,True
1989–90,8,38,14,12,12,42,42,0,40,Osasuna,15,7,False
1989–90,9,38,16,8,14,52,52,0,40,Zaragoza,9,0,True
1989–90,10,38,11,17,10,36,34,2,39,Mallorca,10,0,True
1989–90,11,38,12,15,11,41,46,−5,39,Oviedo,12,1,False
1989–90,12,38,11,15,12,37,39,−2,37,Athletic Bilbao,12,0,True
1989–90,13,38,12,10,16,37,34,3,34,Sporting Gijón,13,0,True
1989–90,14,38,9,14,15,30,48,−18,32,Castellón,18,4,False
1989–90,15,38,12,6,20,28,63,−35,30,Cádiz,16,1,False
1989–90,16,38,8,14,16,31,41,−10,30,Valladolid,15,1,False
1989–90,17,38,9,10,19,23,50,−27,28,Málaga,17,0,True
1989–90,18,38,8,10,20,42,60,−18,26,Tenerife,10,8,False
1989–90,19,38,5,12,21,24,51,−27,22,Celta Vigo,19,0,True
1989–90,20,38,6,7,25,32,75,−43,19,Rayo Vallecano,20,0,True
1990–91,1,38,25,7,6,74,33,41,57,Barcelona,1,0,True
1990–91,2,38,17,13,8,52,28,24,47,Atlético Madrid,2,0,True
1990–91,3,38,20,6,12,63,37,26,46,Real Madrid,3,0,True
1990–91,4,38,15,15,8,43,34,9,45,Osasuna,15,11,False
1990–91,5,38,16,12,10,50,37,13,44,Sporting Gijón,5,0,True
1990–91,6,38,13,16,9,36,35,1,42,Oviedo,6,0,True
1990–91,7,38,15,10,13,44,40,4,40,Valencia,7,0,True
1990–91,8,38,15,8,15,45,47,−2,38,Sevilla,8,0,True
1990–91,9,38,12,13,13,38,40,−2,37,Valladolid,9,0,True
1990–91,10,38,13,11,14,28,35,−7,37,Logroñés,7,3,False
1990–91,11,38,10,17,11,32,27,5,37,Real Burgos,11,0,True
1990–91,12,38,15,6,17,41,50,−9,36,Athletic Bilbao,3,9,False
1990–91,13,38,11,14,13,39,45,−6,36,Real Sociedad,13,0,True
1990–91,14,38,14,7,17,37,53,−16,35,Tenerife,14,0,True
1990–91,15,38,9,16,13,32,40,−8,34,Mallorca,15,0,True
1990–91,16,38,12,10,16,39,47,−8,34,Español,16,0,True
1990–91,17,38,11,11,16,36,40,−4,33,Zaragoza,5,12,False
1990–91,18,38,7,15,16,29,41,−12,29,Cádiz,19,1,False
1990–91,19,38,8,12,18,27,48,−21,28,Castellón,18,1,False
1990–91,20,38,6,13,19,37,65,−28,25,Real Betis,10,10,False
1991–92,1,38,23,9,6,87,37,50,55,Barcelona,1,0,True
1991–92,2,38,23,8,7,78,32,46,54,Real Madrid,3,1,False
1991–92,3,38,24,5,9,67,35,32,53,Atlético Madrid,3,0,True
1991–92,4,38,20,7,11,63,42,21,47,Valencia,4,0,True
1991–92,5,38,16,12,10,44,38,6,44,Real Sociedad,5,0,True
1991–92,6,38,17,7,14,40,41,−1,41,Zaragoza,6,0,True
1991–92,7,38,16,8,14,45,47,−2,40,Albacete,7,0,True
1991–92,8,38,15,8,15,37,43,−6,38,Sporting Gijón,12,4,False
1991–92,9,38,12,13,13,40,43,−3,37,Real Burgos,9,0,True
1991–92,10,38,13,10,15,36,51,−15,36,Logroñés,7,3,False
1991–92,11,38,14,8,16,41,46,−5,36,Oviedo,6,5,False
1991–92,12,38,13,8,17,48,45,3,34,Sevilla,12,0,True
1991–92,13,38,12,10,16,46,50,−4,34,Tenerife,9,4,False
1991–92,14,38,13,7,18,38,58,−20,33,Athletic Bilbao,14,0,True
1991–92,15,38,10,13,15,30,40,−10,33,Osasuna,15,0,True
1991–92,16,38,12,8,18,43,60,−17,32,Español,13,3,False
1991–92,17,38,8,15,15,37,48,−11,31,Deportivo La Coruña,2,15,False
1991–92,18,38,7,14,17,32,55,−23,28,Cádiz,15,3,False
1991–92,19,38,7,13,18,31,53,−22,27,Valladolid,9,10,False
1991–92,20,38,10,7,21,30,49,−19,27,Mallorca,5,15,False
1992–93,1,38,25,8,5,87,34,53,58,Barcelona,1,0,True
1992–93,2,38,24,9,5,75,28,47,57,Real Madrid,2,0,True
1992–93,3,38,22,10,6,67,33,34,54,Deportivo La Coruña,3,0,True
1992–93,4,38,19,10,9,60,33,27,48,Valencia,4,0,True
1992–93,5,38,15,14,9,59,47,12,44,Tenerife,9,4,False
1992–93,6,38,16,11,11,52,42,10,43[b],Atlético Madrid,3,3,False
1992–93,7,38,17,9,12,46,44,2,43[b],Sevilla,7,0,True
1992–93,8,38,17,6,15,53,49,4,40,Athletic Bilbao,8,0,True
1992–93,9,38,11,13,14,37,52,−15,35,Zaragoza,9,0,True
1992–93,10,38,12,10,16,42,41,1,34[c],Osasuna,15,5,False
1992–93,11,38,9,16,13,25,32,−7,34[c],Celta Vigo,11,0,True
1992–93,12,38,11,12,15,38,57,−19,34[c],Sporting Gijón,18,6,False
1992–93,13,38,13,8,17,46,59,−13,34[c],Real Sociedad,13,0,True
1992–93,14,38,8,17,13,40,49,−9,33[d],Rayo Vallecano,14,0,True
1992–93,15,38,11,11,16,32,48,−16,33[d],Logroñés,9,6,False
1992–93,16,38,11,10,17,42,52,−10,32,Oviedo,6,10,False
1992–93,17,38,11,9,18,54,59,−5,31,Albacete,17,0,True
1992–93,18,38,9,11,18,40,56,−16,29,Español,6,12,False
1992–93,19,38,5,12,21,30,70,−40,22[e],Cádiz,20,1,False
1992–93,20,38,4,14,20,29,69,−40,22[e],Real Burgos,19,1,False
1993–94,1,38,25,6,7,91,42,49,56[a],Barcelona,1,0,True
1993–94,2,38,22,12,4,54,18,36,56[a],Deportivo La Coruña,2,0,True
1993–94,3,38,19,8,11,71,47,24,46,Zaragoza,3,0,True
1993–94,4,38,19,7,12,61,50,11,45,Real Madrid,4,0,True
1993–94,5,38,16,11,11,61,47,14,43,Athletic Bilbao,5,0,True
1993–94,6,38,15,12,11,56,42,14,42,Sevilla,6,0,True
1993–94,7,38,14,12,12,55,50,5,40,Valencia,7,0,True
1993–94,8,38,15,8,15,44,42,2,38,Racing Santander,8,0,True
1993–94,9,38,12,13,13,43,49,−6,37,Oviedo,9,0,True
1993–94,10,38,15,6,17,50,57,−7,36[c],Tenerife,9,1,False
1993–94,11,38,12,12,14,39,47,−8,36[c],Real Sociedad,11,0,True
1993–94,12,38,13,9,16,54,54,0,35[d],Atlético Madrid,12,0,True
1993–94,13,38,10,15,13,49,58,−9,35[d],Albacete,7,6,False
1993–94,14,38,15,5,18,42,57,−15,35[d],Sporting Gijón,19,5,False
1993–94,15,38,11,11,16,41,51,−10,33[e],Celta Vigo,15,0,True
1993–94,16,38,9,15,14,47,58,−11,33[e],Logroñés,13,3,False
1993–94,17,38,9,13,16,40,58,−18,31,Rayo Vallecano,17,0,True
1993–94,18,38,8,14,16,28,51,−23,30,Valladolid,9,9,False
1993–94,19,38,7,13,18,29,48,−19,27,Lleida,19,0,True
1993–94,20,38,8,10,20,34,63,−29,26,Osasuna,15,5,False
1994–95,1,38,23,9,6,76,29,47,55,Real Madrid,1,0,True
1994–95,2,38,20,11,7,68,32,36,51,Deportivo La Coruña,1,1,False
1994–95,3,38,15,16,7,46,25,21,46[b],Real Betis,3,0,True
1994–95,4,38,18,10,10,60,45,15,46[b],Barcelona,4,0,True
1994–95,5,38,16,11,11,55,41,14,43[d],Sevilla[c],5,0,True
1994–95,6,38,14,15,9,51,35,16,43[d],Espanyol[e],6,0,True
1994–95,7,38,18,7,13,56,51,5,43[d],Zaragoza,7,0,True
1994–95,8,38,16,10,12,39,42,−3,42,Athletic Bilbao,2,6,False
1994–95,9,38,13,13,12,45,42,3,39,Oviedo,9,0,True
1994–95,10,38,13,12,13,53,48,5,38[g],Valencia,10,0,True
1994–95,11,38,12,14,12,56,44,12,38[g],Real Sociedad,11,0,True
1994–95,12,38,13,10,15,42,47,−5,36[h],Racing Santander,12,0,True
1994–95,13,38,11,14,13,36,48,−12,36[h],Celta Vigo[c],13,0,True
1994–95,14,38,13,9,16,56,54,2,35[i],Atlético Madrid,4,10,False
1994–95,15,38,13,9,16,57,57,0,35[i],Tenerife,15,0,True
1994–95,16,38,11,12,15,44,56,−12,34[j],Compostela,15,1,False
1994–95,17,38,10,14,14,44,61,−17,34[j],Albacete[c],17,0,True
1994–95,18,38,8,12,18,42,67,−25,28,Sporting Gijón,10,8,False
1994–95,19,38,8,9,21,25,63,−38,25,Valladolid[c],15,4,False
1994–95,20,38,2,9,27,15,79,−64,13,Logroñés,13,7,False
1995–96,1,42,26,9,7,75,32,43,87,Atlético Madrid,5,4,False
1995–96,2,42,26,5,11,77,51,26,83,Valencia,2,0,True
1995–96,3,42,22,14,6,72,39,33,80,Barcelona,4,1,False
1995–96,4,42,20,14,8,63,36,27,74,Espanyol,4,0,True
1995–96,5,42,20,12,10,69,54,15,72,Tenerife,9,4,False
1995–96,6,42,20,10,12,75,51,24,70,Real Madrid,6,0,True
1995–96,7,42,17,12,13,62,53,9,63,Real Sociedad,7,0,True
1995–96,8,42,16,14,12,61,54,7,62,Real Betis,11,3,False
1995–96,9,42,16,13,13,63,44,19,61,Deportivo La Coruña,9,0,True
1995–96,10,42,17,8,17,47,54,−7,59,Compostela,15,5,False
1995–96,11,42,12,16,14,49,51,−2,52,Celta Vigo,11,0,True
1995–96,12,42,11,15,16,43,55,−12,48[b],Sevilla,9,3,False
1995–96,13,42,11,15,16,51,59,−8,48[b],Zaragoza,6,7,False
1995–96,14,42,12,12,18,48,67,−19,48[b],Oviedo,14,0,True
1995–96,15,42,11,15,16,44,55,−11,48[b],Athletic Bilbao,15,0,True
1995–96,16,42,11,14,17,57,62,−5,47[c],Valladolid,7,9,False
1995–96,17,42,11,14,17,47,69,−22,47[c],Racing Santander,17,0,True
1995–96,18,42,13,7,22,51,60,−9,46,Sporting Gijón,18,0,True
1995–96,19,42,12,8,22,47,75,−28,44,Rayo Vallecano,19,0,True
1995–96,20,42,10,12,20,55,81,−26,42[d],Albacete,17,3,False
1995–96,21,42,10,12,20,37,62,−25,42[d],Mérida,21,0,True
1995–96,22,42,8,9,25,53,82,−29,33,Salamanca,22,0,True
1996–97,1,42,27,11,4,85,36,49,92,Real Madrid,5,4,False
1996–97,2,42,28,6,8,102,48,54,90,Barcelona,2,0,True
1996–97,3,42,21,14,7,57,30,27,77[a],Deportivo La Coruña,3,0,True
1996–97,4,42,21,14,7,81,46,35,77[a],Real Betis,4,0,True
1996–97,5,42,20,11,11,76,64,12,71,Atlético Madrid,5,0,True
1996–97,6,42,16,16,10,72,57,15,64[c],Athletic Bilbao,6,0,True
1996–97,7,42,18,10,14,57,46,11,64[c],Valladolid,7,0,True
1996–97,8,42,18,9,15,50,47,3,63,Real Sociedad,8,0,True
1996–97,9,42,15,11,16,69,57,12,56[d],Tenerife,9,0,True
1996–97,10,42,15,11,16,63,59,4,56[d],Valencia,10,0,True
1996–97,11,42,13,14,15,52,65,−13,53,Compostela,11,0,True
1996–97,12,42,14,9,19,51,57,−6,51,Espanyol,12,0,True
1996–97,13,42,11,17,14,52,54,−2,50[e],Racing Santander,13,0,True
1996–97,14,42,12,14,16,58,66,−8,50[e],Zaragoza,6,8,False
1996–97,15,42,13,11,18,45,63,−18,50[e],Sporting Gijón,19,4,False
1996–97,16,42,12,13,17,51,54,−3,49,Celta Vigo,11,5,False
1996–97,17,42,12,12,18,49,65,−16,48,Oviedo,17,0,True
1996–97,18,42,13,6,23,43,62,−19,45,Rayo Vallecano,19,1,False
1996–97,19,42,11,11,20,35,64,−29,44,Extremadura,17,2,False
1996–97,20,42,12,7,23,50,69,−19,43,Sevilla,20,0,True
1996–97,21,42,12,5,25,40,77,−37,41,Hércules,21,0,True
1996–97,22,42,9,6,27,33,85,−52,33,Logroñés,17,5,False
1997–98,1,38,23,5,10,78,56,22,74,Barcelona,1,0,True
1997–98,2,38,17,14,7,52,42,10,65,Athletic Bilbao,2,0,True
1997–98,3,38,16,15,7,60,37,23,63[a],Real Sociedad,13,10,False
1997–98,4,38,17,12,9,63,45,18,63[a],Real Madrid,4,0,True
1997–98,5,38,16,12,10,55,39,16,60[c],Mallorca,5,0,True
1997–98,6,38,17,9,12,54,47,7,60[c],Celta Vigo,6,0,True
1997–98,7,38,16,12,10,79,56,23,60[c],Atlético Madrid,7,0,True
1997–98,8,38,17,8,13,49,50,−1,59,Real Betis,8,0,True
1997–98,9,38,16,7,15,58,52,6,55,Valencia,9,0,True
1997–98,10,38,12,17,9,44,31,13,53,Espanyol,10,0,True
1997–98,11,38,13,11,14,36,47,−11,50,Valladolid,11,0,True
1997–98,12,38,12,13,13,44,46,−2,49,Deportivo La Coruña,12,0,True
1997–98,13,38,12,12,14,45,53,−8,48,Zaragoza,13,0,True
1997–98,14,38,12,9,17,46,55,−9,45[e],Racing Santander,13,1,False
1997–98,15,38,12,9,17,46,46,0,45[e],Salamanca,22,7,False
1997–98,16,38,11,12,15,44,57,−13,45[e],Tenerife,9,7,False
1997–98,17,38,11,11,16,56,66,−10,44,Compostela,11,6,False
1997–98,18,38,9,13,16,36,51,−15,40,Oviedo,18,0,True
1997–98,19,38,9,12,17,33,53,−20,39,Mérida,19,0,True
1997–98,20,38,2,7,29,31,80,−49,13,Sporting Gijón,20,0,True
1998–99,1,38,24,7,7,87,43,44,79,Barcelona,1,0,True
1998–99,2,38,21,5,12,77,62,15,68,Real Madrid,2,0,True
1998–99,3,38,20,6,12,48,31,17,66,Mallorca,3,0,True
1998–99,4,38,19,8,11,63,39,24,65,Valencia,4,0,True
1998–99,5,38,17,13,8,69,41,28,64,Celta Vigo,5,0,True
1998–99,6,38,17,12,9,55,43,12,63,Deportivo La Coruña,1,5,False
1998–99,7,38,16,13,9,49,38,11,61,Espanyol,7,0,True
1998–99,8,38,17,9,12,53,47,6,60,Athletic Bilbao[a],8,0,True
1998–99,9,38,16,9,13,57,46,11,57,Zaragoza,4,5,False
1998–99,10,38,14,12,12,47,43,4,54,Real Sociedad,14,4,False
1998–99,11,38,14,7,17,47,58,−11,49,Real Betis,11,0,True
1998–99,12,38,13,9,16,35,44,−9,48,Valladolid,11,1,False
1998–99,13,38,12,10,16,54,50,4,46,Atlético Madrid,13,0,True
1998–99,14,38,11,12,15,41,57,−16,45,Oviedo,14,0,True
1998–99,15,38,10,12,16,41,53,−12,42,Racing Santander,12,3,False
1998–99,16,38,11,7,20,36,63,−27,40,Alavés,16,0,True
1998–99,17,38,9,12,17,27,53,−26,39,Extremadura,17,0,True
1998–99,18,38,8,12,18,47,63,−16,36,Villarreal,7,11,False
1998–99,19,38,7,13,18,41,63,−22,34,Tenerife,9,10,False
1998–99,20,38,7,6,25,29,66,−37,27,Salamanca,16,4,False
1999–2000,1,38,21,6,11,66,44,22,69,Deportivo La Coruña,1,0,True
1999–2000,2,38,19,7,12,70,46,24,64[b],Barcelona,2,0,True
1999–2000,3,38,18,10,10,59,39,20,64[b],Valencia,3,0,True
1999–2000,4,38,16,15,7,60,40,20,63,Zaragoza,4,0,True
1999–2000,5,38,16,14,8,58,48,10,62,Real Madrid,5,0,True
1999–2000,6,38,17,10,11,41,37,4,61,Alavés,6,0,True
1999–2000,7,38,15,8,15,45,43,2,53[d],Celta Vigo,14,7,False
1999–2000,8,38,14,11,13,36,44,−8,53[d],Valladolid,8,0,True
1999–2000,9,38,15,7,16,51,53,−2,52,Rayo Vallecano,9,0,True
1999–2000,10,38,14,9,15,52,45,7,51,Mallorca,10,0,True
1999–2000,11,38,12,14,12,47,57,−10,50,Athletic Bilbao,11,0,True
1999–2000,12,38,11,15,12,55,50,5,48,Málaga,12,0,True
1999–2000,13,38,11,14,13,42,49,−7,47[f],Real Sociedad,13,0,True
1999–2000,14,38,12,11,15,51,48,3,47[f],Espanyol,14,0,True
1999–2000,15,38,10,16,12,52,50,2,46,Racing Santander,15,0,True
1999–2000,16,38,11,12,15,44,60,−16,45[h],Oviedo,16,0,True
1999–2000,17,38,11,12,15,47,59,−12,45[h],Numancia,17,0,True
1999–2000,18,38,11,9,18,33,56,−23,42,Real Betis,6,12,False
1999–2000,19,38,9,11,18,48,64,−16,38,Atlético Madrid,19,0,True
1999–2000,20,38,5,13,20,42,67,−25,28,Sevilla,20,0,True
2000–01,1,38,24,8,6,81,40,41,80,Real Madrid,1,0,True
2000–01,2,38,22,7,9,73,44,29,73,Deportivo La Coruña,1,1,False
2000–01,3,38,20,11,7,61,43,18,71,Mallorca,3,0,True
2000–01,4,38,17,12,9,80,57,23,63[a],Barcelona,4,0,True
2000–01,5,38,18,9,11,55,34,21,63[a],Valencia,1,4,False
2000–01,6,38,16,11,11,51,49,2,59,Celta Vigo,6,0,True
2000–01,7,38,16,9,13,58,52,6,57,Villarreal,7,0,True
2000–01,8,38,16,8,14,60,61,−1,56,Málaga,10,2,False
2000–01,9,38,14,8,16,46,44,2,50,Espanyol,9,0,True
2000–01,10,38,14,7,17,58,59,−1,49,Alavés,10,0,True
2000–01,11,38,13,7,18,42,62,−20,46,Las Palmas,11,0,True
2000–01,12,38,11,10,17,44,60,−16,43[b],Athletic Bilbao,10,2,False
2000–01,13,38,11,10,17,52,68,−16,43[b],Real Sociedad,14,1,False
2000–01,14,38,10,13,15,56,68,−12,43[b],Rayo Vallecano,14,0,True
2000–01,15,38,10,12,16,43,54,−11,42[c],Osasuna,15,0,True
2000–01,16,38,9,15,14,42,50,−8,42[c],Valladolid,16,0,True
2000–01,17,38,9,15,14,54,57,−3,42[c],Zaragoza,4,13,False
2000–01,18,38,11,8,19,51,67,−16,41,Oviedo,19,1,False
2000–01,19,38,10,9,19,48,62,−14,39[e],Racing Santander,12,7,False
2000–01,20,38,10,9,19,40,64,−24,39[e],Numancia,17,3,False
2001–02,1,38,21,12,5,51,27,24,75,Valencia,1,0,True
2001–02,2,38,20,8,10,65,41,24,68,Deportivo La Coruña,2,0,True
2001–02,3,38,19,9,10,69,44,25,66,Real Madrid[a],3,0,True
2001–02,4,38,18,10,10,65,37,28,64,Barcelona,4,0,True
2001–02,5,38,16,12,10,64,46,18,60,Celta Vigo,5,0,True
2001–02,6,38,15,14,9,42,34,8,59,Real Betis,6,0,True
2001–02,7,38,17,3,18,41,44,−3,54,Alavés[b],7,0,True
2001–02,8,38,14,11,13,51,40,11,53[c],Sevilla,8,0,True
2001–02,9,38,14,11,13,54,66,−12,53[c],Athletic Bilbao,10,1,False
2001–02,10,38,13,14,11,44,44,0,53[c],Málaga,10,0,True
2001–02,11,38,13,10,15,46,52,−6,49,Rayo Vallecano,11,0,True
2001–02,12,38,13,9,16,45,58,−13,48,Valladolid,12,0,True
2001–02,13,38,13,8,17,48,54,−6,47[d],Real Sociedad,2,11,False
2001–02,14,38,13,8,17,47,56,−9,47[d],Espanyol,14,0,True
2001–02,15,38,11,10,17,46,55,−9,43[e],Villarreal,15,0,True
2001–02,16,38,11,10,17,40,52,−12,43[e],Mallorca,4,12,False
2001–02,17,38,10,12,16,36,49,−13,42,Osasuna,17,0,True
2001–02,18,38,9,13,16,40,50,−10,40,Las Palmas,18,0,True
2001–02,19,38,10,8,20,32,58,−26,38,Tenerife,19,0,True
2001–02,20,38,9,10,19,35,54,−19,37,Zaragoza,9,11,False
2002–03,1,38,22,12,4,86,42,44,78,Real Madrid,4,3,False
2002–03,2,38,22,10,6,71,45,26,76,Real Sociedad,2,0,True
2002–03,3,38,22,6,10,67,47,20,72,Deportivo La Coruña,3,0,True
2002–03,4,38,17,10,11,45,36,9,61,Celta Vigo,4,0,True
2002–03,5,38,17,9,12,56,35,21,60,Valencia,1,4,False
2002–03,6,38,15,11,12,63,47,16,56,Barcelona,6,0,True
2002–03,7,38,15,10,13,63,61,2,55,Athletic Bilbao,7,0,True
2002–03,8,38,14,12,12,56,53,3,54,Real Betis,8,0,True
2002–03,9,38,14,10,14,49,56,−7,52,Mallorca,9,0,True
2002–03,10,38,13,11,14,38,39,−1,50,Sevilla,10,0,True
2002–03,11,38,12,11,15,40,48,−8,47[b],Osasuna,11,0,True
2002–03,12,38,12,11,15,51,56,−5,47[b],Atlético Madrid,12,0,True
2002–03,13,38,11,13,14,44,49,−5,46[c],Málaga,8,5,False
2002–03,14,38,12,10,16,37,40,−3,46[c],Valladolid,14,0,True
2002–03,15,38,11,12,15,44,53,−9,45,Villarreal,15,0,True
2002–03,16,38,13,5,20,54,64,−10,44,Racing Santander,16,0,True
2002–03,17,38,10,13,15,48,54,−6,43,Espanyol,17,0,True
2002–03,18,38,8,12,18,35,61,−26,36,Recreativo,18,0,True
2002–03,19,38,8,11,19,38,68,−30,35,Alavés,19,0,True
2002–03,20,38,7,11,20,31,62,−31,32,Rayo Vallecano,20,0,True
2003–04,1,38,23,8,7,71,27,44,77,Valencia,1,0,True
2003–04,2,38,21,9,8,63,39,24,72,Barcelona,2,0,True
2003–04,3,38,21,8,9,60,34,26,71,Deportivo La Coruña,3,0,True
2003–04,4,38,21,7,10,72,54,18,70,Real Madrid,4,0,True
2003–04,5,38,15,11,12,53,49,4,56,Athletic Bilbao,5,0,True
2003–04,6,38,15,10,13,56,45,11,55[a],Sevilla,6,0,True
2003–04,7,38,15,10,13,51,53,−2,55[a],Atlético Madrid,7,0,True
2003–04,8,38,15,9,14,47,49,−2,54,Villarreal,8,0,True
2003–04,9,38,13,13,12,46,43,3,52,Real Betis,9,0,True
2003–04,10,38,15,6,17,50,55,−5,51[b],Málaga,8,2,False
2003–04,11,38,15,6,17,54,66,−12,51[b],Mallorca,11,0,True
2003–04,12,38,13,9,16,46,55,−9,48[c],Zaragoza,12,0,True
2003–04,13,38,11,15,12,38,37,1,48[c],Osasuna,11,2,False
2003–04,14,38,13,8,17,40,48,−8,47,Albacete,18,4,False
2003–04,15,38,11,13,14,49,53,−4,46,Real Sociedad,2,13,False
2003–04,16,38,13,4,21,48,64,−16,43,Espanyol,16,0,True
2003–04,17,38,11,10,17,48,63,−15,42,Racing Santander[e],16,1,False
2003–04,18,38,10,11,17,46,56,−10,41,Valladolid,18,0,True
2003–04,19,38,9,12,17,48,68,−20,39,Celta Vigo,19,0,True
2003–04,20,38,5,11,22,29,57,−28,26,Murcia,20,0,True
2004–05,1,38,25,9,4,73,29,44,84,Barcelona,1,0,True
2004–05,2,38,25,5,8,71,32,39,80,Real Madrid,2,0,True
2004–05,3,38,18,11,9,69,37,32,65,Villarreal,3,0,True
2004–05,4,38,16,14,8,62,50,12,62,Real Betis,4,0,True
2004–05,5,38,17,10,11,54,46,8,61,Espanyol,5,0,True
2004–05,6,38,17,9,12,44,41,3,60,Sevilla,6,0,True
2004–05,7,38,14,16,8,54,39,15,58,Valencia,7,0,True
2004–05,8,38,12,15,11,46,50,−4,51[a],Deportivo La Coruña,8,0,True
2004–05,9,38,14,9,15,59,54,5,51[a],Athletic Bilbao,9,0,True
2004–05,10,38,15,6,17,40,48,−8,51[a],Málaga,10,0,True
2004–05,11,38,13,11,14,40,34,6,50[b],Atlético Madrid,11,0,True
2004–05,12,38,14,8,16,52,57,−5,50[b],Zaragoza,12,0,True
2004–05,13,38,12,11,15,38,46,−8,47[c],Getafe,13,0,True
2004–05,14,38,13,8,17,47,56,−9,47[c],Real Sociedad,14,0,True
2004–05,15,38,12,10,16,46,65,−19,46,Osasuna,9,6,False
2004–05,16,38,12,8,18,41,58,−17,44,Racing Santander,16,0,True
2004–05,17,38,10,9,19,42,63,−21,39,Mallorca,17,0,True
2004–05,18,38,9,10,19,39,58,−19,37,Levante,6,12,False
2004–05,19,38,6,11,21,30,61,−31,29,Numancia,19,0,True
2004–05,20,38,6,10,22,33,56,−23,28,Albacete,20,0,True
2005–06,1,38,25,7,6,80,35,45,82,Barcelona,1,0,True
2005–06,2,38,20,10,8,70,40,30,70,Real Madrid,2,0,True
2005–06,3,38,19,12,7,58,33,25,69,Valencia,3,0,True
2005–06,4,38,21,5,12,49,43,6,68,Osasuna,4,0,True
2005–06,5,38,20,8,10,54,39,15,68,Sevilla,5,0,True
2005–06,6,38,20,4,14,45,33,12,64,Celta Vigo,6,0,True
2005–06,7,38,14,15,9,50,39,11,57,Villarreal,7,0,True
2005–06,8,38,15,10,13,47,45,2,55,Deportivo La Coruña,8,0,True
2005–06,9,38,15,9,14,54,49,5,54,Getafe,9,0,True
2005–06,10,38,13,13,12,45,37,8,52,Atlético Madrid,10,0,True
2005–06,11,38,10,16,12,46,51,−5,46,Zaragoza,11,0,True
2005–06,12,38,11,12,15,40,46,−6,45,Athletic Bilbao,12,0,True
2005–06,13,38,10,13,15,37,51,−14,43,Mallorca,17,4,False
2005–06,14,38,10,12,16,34,51,−17,42,Real Betis,16,2,False
2005–06,15,38,10,11,17,36,56,−20,41,Espanyol,15,0,True
2005–06,16,38,11,7,20,48,65,−17,40,Real Sociedad,16,0,True
2005–06,17,38,9,13,16,36,49,−13,40,Racing Santander,16,1,False
2005–06,18,38,9,12,17,35,54,−19,39,Alavés,19,1,False
2005–06,19,38,8,12,18,36,52,−16,36,Cádiz,19,0,True
2005–06,20,38,5,9,24,36,68,−32,24,Málaga,20,0,True
2006–07,1,38,23,7,8,66,40,26,76[a],Real Madrid,4,3,False
2006–07,2,38,22,10,6,78,33,45,76[a],Barcelona,2,0,True
2006–07,3,38,21,8,9,64,35,29,71,Sevilla,3,0,True
2006–07,4,38,20,6,12,57,42,15,66,Valencia,4,0,True
2006–07,5,38,18,8,12,48,44,4,62,Villarreal,5,0,True
2006–07,6,38,16,12,10,55,43,12,60[b],Zaragoza,6,0,True
2006–07,7,38,17,9,12,46,39,7,60[b],Atlético Madrid,7,0,True
2006–07,8,38,15,9,14,54,52,2,54,Recreativo Huelva,8,0,True
2006–07,9,38,14,10,14,39,33,6,52,Getafe,9,0,True
2006–07,10,38,12,14,12,42,48,−6,50,Racing Santander,10,0,True
2006–07,11,38,12,13,13,46,53,−7,49[d],Espanyol,11,0,True
2006–07,12,38,14,7,17,41,47,−6,49[d],Mallorca,12,0,True
2006–07,13,38,12,11,15,32,45,−13,47,Deportivo La Coruña,13,0,True
2006–07,14,38,13,7,18,51,49,2,46,Osasuna,7,7,False
2006–07,15,38,10,12,16,37,53,−16,42,Levante,15,0,True
2006–07,16,38,8,16,14,36,49,−13,40[e],Real Betis,16,0,True
2006–07,17,38,10,10,18,44,62,−18,40[e],Athletic Bilbao,17,0,True
2006–07,18,38,10,9,19,40,59,−19,39,Celta Vigo,18,0,True
2006–07,19,38,8,11,19,32,47,−15,35,Real Sociedad,19,0,True
2006–07,20,38,7,7,24,34,69,−35,28,Gimnàstic,20,0,True
2007–08,1,38,27,4,7,84,36,48,85,Real Madrid,1,0,True
2007–08,2,38,24,5,9,63,40,23,77,Villarreal,2,0,True
2007–08,3,38,19,10,9,76,43,33,67,Barcelona,3,0,True
2007–08,4,38,19,7,12,66,47,19,64[a],Atlético Madrid,4,0,True
2007–08,5,38,20,4,14,75,49,26,64[a],Sevilla,5,0,True
2007–08,6,38,17,9,12,42,41,1,60,Racing Santander,6,0,True
2007–08,7,38,15,14,9,69,54,15,59,Mallorca,7,0,True
2007–08,8,38,14,10,14,42,45,−3,52[b],Almería,8,0,True
2007–08,9,38,15,7,16,46,47,−1,52[b],Deportivo La Coruña,9,0,True
2007–08,10,38,15,6,17,48,62,−14,51,Valencia,10,0,True
2007–08,11,38,13,11,14,40,43,−3,50,Athletic Bilbao,11,0,True
2007–08,12,38,13,9,16,43,53,−10,48,Espanyol,12,0,True
2007–08,13,38,12,11,15,45,51,−6,47[d],Real Betis,13,0,True
2007–08,14,38,12,11,15,44,48,−4,47[d],Getafe,14,0,True
2007–08,15,38,11,12,15,42,57,−15,45,Valladolid,15,0,True
2007–08,16,38,11,11,16,40,60,−20,44,Recreativo Huelva,18,2,False
2007–08,17,38,12,7,19,37,44,−7,43,Osasuna,17,0,True
2007–08,18,38,10,12,16,50,61,−11,42,Zaragoza,18,0,True
2007–08,19,38,7,9,22,36,65,−29,30,Murcia,19,0,True
2007–08,20,38,7,5,26,33,75,−42,26,Levante,20,0,True
2008–09,1,38,27,6,5,105,35,70,87,Barcelona,1,0,True
2008–09,2,38,25,3,10,83,52,31,78,Real Madrid,2,0,True
2008–09,3,38,21,7,10,54,39,15,70,Sevilla,3,0,True
2008–09,4,38,20,7,11,80,57,23,67,Atlético Madrid,4,0,True
2008–09,5,38,18,11,9,61,54,7,65,Villarreal,5,0,True
2008–09,6,38,18,8,12,68,54,14,62,Valencia,6,0,True
2008–09,7,38,16,10,12,48,47,1,58,Deportivo La Coruña,7,0,True
2008–09,8,38,15,10,13,55,59,−4,55,Málaga,8,0,True
2008–09,9,38,14,9,15,53,60,−7,51,Mallorca,9,0,True
2008–09,10,38,12,11,15,46,49,−3,47,Espanyol,10,0,True
2008–09,11,38,13,7,18,45,61,−16,46[a],Almería,8,3,False
2008–09,12,38,12,10,16,49,48,1,46[a],Racing Santander,12,0,True
2008–09,13,38,12,8,18,47,62,−15,44,Athletic Bilbao,13,0,True
2008–09,14,38,14,1,23,47,79,−32,43[c],Sporting Gijón,14,0,True
2008–09,15,38,10,13,15,41,47,−6,43[c],Osasuna,7,8,False
2008–09,16,38,12,7,19,46,58,−12,43[c],Valladolid,15,1,False
2008–09,17,38,10,12,16,50,56,−6,42[d],Getafe,17,0,True
2008–09,18,38,10,12,16,51,58,−7,42[d],Real Betis,18,0,True
2008–09,19,38,10,5,23,38,69,−31,35,Numancia,19,0,True
2008–09,20,38,8,9,21,34,57,−23,33,Recreativo Huelva,18,2,False
2009–10,1,38,31,6,1,98,24,74,99,Barcelona,1,0,True
2009–10,2,38,31,3,4,102,35,67,96,Real Madrid,2,0,True
2009–10,3,38,21,8,9,59,40,19,71,Valencia,3,0,True
2009–10,4,38,19,6,13,65,49,16,63,Sevilla,4,0,True
2009–10,5,38,18,8,12,59,44,15,62[a],Mallorca,5,0,True
2009–10,6,38,17,7,14,58,48,10,58,Getafe,6,0,True
2009–10,7,38,16,8,14,58,57,1,56[a],Villarreal,7,0,True
2009–10,8,38,15,9,14,50,53,−3,54,Athletic Bilbao,8,0,True
2009–10,9,38,13,8,17,57,61,−4,47[b],Atlético Madrid,9,0,True
2009–10,10,38,13,8,17,35,49,−14,47[b],Deportivo La Coruña,12,2,False
2009–10,11,38,11,11,16,29,46,−17,44,Espanyol,11,0,True
2009–10,12,38,11,10,17,37,46,−9,43,Osasuna,12,0,True
2009–10,13,38,10,12,16,43,55,−12,42,Almería,13,0,True
2009–10,14,38,10,11,17,46,64,−18,41,Zaragoza,20,6,False
2009–10,15,38,9,13,16,36,51,−15,40,Sporting Gijón,16,1,False
2009–10,16,38,9,12,17,42,59,−17,39,Racing Santander,16,0,True
2009–10,17,38,7,16,15,42,48,−6,37,Málaga,17,0,True
2009–10,18,38,7,15,16,37,62,−25,36[d],Valladolid,19,1,False
2009–10,19,38,9,9,20,40,74,−34,36[d],Tenerife,19,0,True
2009–10,20,38,8,10,20,38,66,−28,34,Xerez,20,0,True
2010–11,1,38,30,6,2,95,21,74,96,Barcelona,1,0,True
2010–11,2,38,29,5,4,102,33,69,92,Real Madrid,2,0,True
2010–11,3,38,21,8,9,64,44,20,71,Valencia,3,0,True
2010–11,4,38,18,8,12,54,44,10,62,Villarreal,4,0,True
2010–11,5,38,17,7,14,62,61,1,58[a],Sevilla,5,0,True
2010–11,6,38,18,4,16,59,55,4,58[a],Athletic Bilbao,6,0,True
2010–11,7,38,17,7,14,62,53,9,58[a],Atlético Madrid,7,0,True
2010–11,8,38,15,4,19,46,55,−9,49,Espanyol,8,0,True
2010–11,9,38,13,8,17,45,46,−1,47[c],Osasuna,9,0,True
2010–11,10,38,11,14,13,35,42,−7,47[c],Sporting Gijón,10,0,True
2010–11,11,38,13,7,18,54,68,−14,46[d],Málaga,11,0,True
2010–11,12,38,12,10,16,41,56,−15,46[d],Racing Santander,12,0,True
2010–11,13,38,12,9,17,40,53,−13,45[e],Zaragoza,20,7,False
2010–11,14,38,12,9,17,41,52,−11,45[e],Levante,14,0,True
2010–11,15,38,14,3,21,49,66,−17,45[e],Real Sociedad,15,0,True
2010–11,16,38,12,8,18,49,60,−11,44[f],Getafe,16,0,True
2010–11,17,38,12,8,18,41,56,−15,44[f],Mallorca,17,0,True
2010–11,18,38,10,13,15,31,47,−16,43,Deportivo La Coruña,18,0,True
2010–11,19,38,9,8,21,36,60,−24,35,Hércules,19,0,True
2010–11,20,38,6,12,20,36,70,−34,30,Almería,19,1,False
2011–12,1,38,32,4,2,121,32,89,100,Real Madrid,1,0,True
2011–12,2,38,28,7,3,114,29,85,91,Barcelona,2,0,True
2011–12,3,38,17,10,11,59,44,15,61,Valencia,3,0,True
2011–12,4,38,17,7,14,54,53,1,58,Málaga,4,0,True
2011–12,5,38,15,11,12,53,46,7,56,Atlético Madrid,5,0,True
2011–12,6,38,16,7,15,54,50,4,55,Levante,6,0,True
2011–12,7,38,13,15,10,44,61,−17,54,Osasuna,7,0,True
2011–12,8,38,14,10,14,42,46,−4,52,Mallorca,8,0,True
2011–12,9,38,13,11,14,48,47,1,50,Sevilla,9,0,True
2011–12,10,38,12,13,13,49,52,−3,49,Athletic Bilbao,10,0,True
2011–12,11,38,12,11,15,40,51,−11,47[c],Getafe,11,0,True
2011–12,12,38,12,11,15,46,52,−6,47[c],Real Sociedad,12,0,True
2011–12,13,38,13,8,17,47,56,−9,47[c],Real Betis,13,0,True
2011–12,14,38,12,10,16,46,56,−10,46,Espanyol,14,0,True
2011–12,15,38,13,4,21,53,73,−20,43[d],Rayo Vallecano,15,0,True
2011–12,16,38,12,7,19,36,61,−25,43[d],Zaragoza,20,4,False
2011–12,17,38,12,6,20,35,56,−21,42,Granada,17,0,True
2011–12,18,38,9,14,15,39,53,−14,41,Villarreal,18,0,True
2011–12,19,38,10,7,21,42,69,−27,37,Sporting Gijón,19,0,True
2011–12,20,38,4,15,19,28,63,−35,27,Racing Santander,20,0,True
2012–13,1,38,32,4,2,115,40,75,100,Barcelona,1,0,True
2012–13,2,38,26,7,5,103,42,61,85,Real Madrid,2,0,True
2012–13,3,38,23,7,8,65,31,34,76,Atlético Madrid,3,0,True
2012–13,4,38,18,12,8,70,49,21,66,Real Sociedad,4,0,True
2012–13,5,38,19,8,11,67,54,13,65,Valencia,5,0,True
2012–13,6,38,16,9,13,53,50,3,57,Málaga,6,0,True
2012–13,7,38,16,8,14,57,56,1,56,Real Betis,7,0,True
2012–13,8,38,16,5,17,50,66,−16,53,Rayo Vallecano,8,0,True
2012–13,9,38,14,8,16,58,54,4,50,Sevilla,9,0,True
2012–13,10,38,13,8,17,43,57,−14,47,Getafe,10,0,True
2012–13,11,38,12,10,16,40,57,−17,46,Levante,11,0,True
2012–13,12,38,12,9,17,44,65,−21,45,Athletic Bilbao,12,0,True
2012–13,13,38,11,11,16,43,52,−9,44,Espanyol,20,7,False
2012–13,14,38,11,10,17,49,58,−9,43,Valladolid,14,0,True
2012–13,15,38,11,9,18,37,54,−17,42,Granada,17,2,False
2012–13,16,38,10,9,19,33,50,−17,39,Osasuna,16,0,True
2012–13,17,38,10,7,21,37,52,−15,37,Celta Vigo,17,0,True
2012–13,18,38,9,9,20,43,72,−29,36,Mallorca,18,0,True
2012–13,19,38,8,11,19,47,70,−23,35,Deportivo La Coruña,20,1,False
2012–13,20,38,9,7,22,37,62,−25,34,Zaragoza,20,0,True
2013–14,1,38,28,6,4,77,26,51,90,Atlético Madrid,1,0,True
2013–14,2,38,27,6,5,100,33,67,87[a],Barcelona,2,0,True
2013–14,3,38,27,6,5,104,38,66,87[a],Real Madrid,3,0,True
2013–14,4,38,20,10,8,66,39,27,70,Athletic Bilbao,4,0,True
2013–14,5,38,18,9,11,69,52,17,63,Sevilla,5,0,True
2013–14,6,38,17,8,13,60,44,16,59[c],Villarreal,6,0,True
2013–14,7,38,16,11,11,62,55,7,59[c],Real Sociedad,7,0,True
2013–14,8,38,13,10,15,51,53,−2,49,Valencia,8,0,True
2013–14,9,38,14,7,17,49,54,−5,49,Celta Vigo,9,0,True
2013–14,10,38,12,12,14,35,43,−8,48,Levante,10,0,True
2013–14,11,38,12,9,17,39,46,−7,45,Málaga,17,6,False
2013–14,12,38,13,4,21,46,80,−34,43,Rayo Vallecano,8,4,False
2013–14,13,38,11,9,18,35,54,−19,42,Getafe,18,5,False
2013–14,14,38,11,9,18,41,51,−10,42,Espanyol,15,1,False
2013–14,15,38,12,5,21,32,56,−24,41,Granada,15,0,True
2013–14,16,38,9,13,16,30,50,−20,40[e],Elche,16,0,True
2013–14,17,38,11,7,20,43,71,−28,40[e],Almería,17,0,True
2013–14,18,38,10,9,19,32,62,−30,39,Osasuna,18,0,True
2013–14,19,38,7,15,16,38,60,−22,36,Valladolid,19,0,True
2013–14,20,38,6,7,25,36,78,−42,25,Real Betis,20,0,True
2014–15,1,38,30,4,4,110,21,89,94,Barcelona,1,0,True
2014–15,2,38,30,2,6,118,38,80,92,Real Madrid,3,1,False
2014–15,3,38,23,9,6,67,29,38,78,Atlético Madrid,3,0,True
2014–15,4,38,22,11,5,70,32,38,77,Valencia,4,0,True
2014–15,5,38,23,7,8,71,45,26,76,Sevilla,5,0,True
2014–15,6,38,16,12,10,48,37,11,60,Villarreal,6,0,True
2014–15,7,38,15,10,13,42,41,1,55,Athletic Bilbao,7,0,True
2014–15,8,38,13,12,13,47,44,3,51,Celta Vigo,8,0,True
2014–15,9,38,14,8,16,42,48,−6,50,Málaga,9,0,True
2014–15,10,38,13,10,15,47,51,−4,49[c],Espanyol,10,0,True
2014–15,11,38,15,4,19,46,68,−22,49[c],Rayo Vallecano,11,0,True
2014–15,12,38,11,13,14,44,51,−7,46,Real Sociedad,12,0,True
2014–15,13,38,11,8,19,35,62,−27,41,Elche[d],19,6,False
2014–15,14,38,9,10,19,34,67,−33,37[e],Levante,15,1,False
2014–15,15,38,10,7,21,33,64,−31,37[e],Getafe,15,0,True
2014–15,16,38,7,14,17,35,60,−25,35[f],Deportivo La Coruña,16,0,True
2014–15,17,38,7,14,17,29,64,−35,35[f],Granada,17,0,True
2014–15,18,38,9,8,21,34,55,−21,35[f],Eibar,18,0,True
2014–15,19,38,8,8,22,35,64,−29,29,Almería[g],19,0,True
2014–15,20,38,3,11,24,22,68,−46,20,Córdoba,20,0,True
2015–16,1,38,29,4,5,112,29,83,91,Barcelona,1,0,True
2015–16,2,38,28,6,4,110,34,76,90,Real Madrid,2,0,True
2015–16,3,38,28,4,6,63,18,45,88,Atlético Madrid,3,0,True
2015–16,4,38,18,10,10,44,35,9,64,Villarreal,4,0,True
2015–16,5,38,18,8,12,58,45,13,62,Athletic Bilbao,5,0,True
2015–16,6,38,17,9,12,51,59,−8,60,Celta Vigo,8,2,False
2015–16,7,38,14,10,14,51,50,1,52,Sevilla,7,0,True
2015–16,8,38,12,12,14,38,35,3,48[c],Málaga,8,0,True
2015–16,9,38,13,9,16,45,48,−3,48[c],Real Sociedad,9,0,True
2015–16,10,38,11,12,15,34,52,−18,45,Real Betis,15,5,False
2015–16,11,38,12,8,18,45,53,−8,44[d],Las Palmas,11,0,True
2015–16,12,38,11,11,16,46,48,−2,44[d],Valencia,12,0,True
2015–16,13,38,12,7,19,40,74,−34,43[e],Espanyol,13,0,True
2015–16,14,38,11,10,17,49,61,−12,43[e],Eibar,14,0,True
2015–16,15,38,8,18,12,45,61,−16,42,Deportivo La Coruña,15,0,True
2015–16,16,38,10,9,19,46,69,−23,39[f],Granada,17,1,False
2015–16,17,38,10,9,19,40,62,−22,39[f],Sporting Gijón,17,0,True
2015–16,18,38,9,11,18,52,73,−21,38,Rayo Vallecano,18,0,True
2015–16,19,38,9,9,20,37,67,−30,36,Getafe,19,0,True
2015–16,20,38,8,8,22,37,70,−33,32,Levante,20,0,True
2016–17,1,38,29,6,3,106,41,65,93,Real Madrid,1,0,True
2016–17,2,38,28,6,4,116,37,79,90,Barcelona,2,0,True
2016–17,3,38,23,9,6,70,27,43,78,Atlético Madrid,3,0,True
2016–17,4,38,21,9,8,69,49,20,72,Sevilla,4,0,True
2016–17,5,38,19,10,9,56,33,23,67,Villarreal,5,0,True
2016–17,6,38,19,7,12,59,53,6,64,Real Sociedad,7,1,False
2016–17,7,38,19,6,13,53,43,10,63,Athletic Bilbao,7,0,True
2016–17,8,38,15,11,12,49,50,−1,56,Espanyol,8,0,True
2016–17,9,38,14,13,11,41,43,−2,55,Alavés,9,0,True
2016–17,10,38,15,9,14,56,51,5,54,Eibar,10,0,True
2016–17,11,38,12,10,16,49,55,−6,46[b],Málaga,11,0,True
2016–17,12,38,13,7,18,56,65,−9,46[b],Valencia,12,0,True
2016–17,13,38,13,6,19,53,69,−16,45,Celta Vigo,13,0,True
2016–17,14,38,10,9,19,53,74,−21,39[c],Las Palmas,14,0,True
2016–17,15,38,10,9,19,41,64,−23,39[c],Real Betis,15,0,True
2016–17,16,38,8,12,18,43,61,−18,36,Deportivo La Coruña,16,0,True
2016–17,17,38,8,11,19,36,55,−19,35,Leganés,17,0,True
2016–17,18,38,7,10,21,42,72,−30,31,Sporting Gijón,18,0,True
2016–17,19,38,4,10,24,40,94,−54,22,Osasuna,19,0,True
2016–17,20,38,4,8,26,30,82,−52,20,Granada,20,0,True
2017–18,1,38,28,9,1,99,29,70,93,Barcelona,1,0,True
2017–18,2,38,23,10,5,58,22,36,79,Atlético Madrid,2,0,True
2017–18,3,38,22,10,6,94,44,50,76,Real Madrid,3,0,True
2017–18,4,38,22,7,9,65,38,27,73,Valencia,4,0,True
2017–18,5,38,18,7,13,57,50,7,61,Villarreal,5,0,True
2017–18,6,38,18,6,14,60,61,−1,60,Real Betis,6,0,True
2017–18,7,38,17,7,14,49,58,−9,58,Sevilla,7,0,True
2017–18,8,38,15,10,13,42,33,9,55,Getafe,8,0,True
2017–18,9,38,14,9,15,44,50,−6,51[b],Eibar,9,0,True
2017–18,10,38,14,9,15,50,59,−9,51[b],Girona,10,0,True
2017–18,11,38,12,13,13,36,42,−6,49[c],Espanyol,11,0,True
2017–18,12,38,14,7,17,66,59,7,49[c],Real Sociedad,12,0,True
2017–18,13,38,13,10,15,59,60,−1,49[c],Celta Vigo,13,0,True
2017–18,14,38,15,2,21,40,50,−10,47,Alavés,9,5,False
2017–18,15,38,11,13,14,44,58,−14,46,Levante,15,0,True
2017–18,16,38,10,13,15,41,49,−8,43[d],Athletic Bilbao,16,0,True
2017–18,17,38,12,7,19,34,51,−17,43[d],Leganés,17,0,True
2017–18,18,38,6,11,21,38,76,−38,29,Deportivo La Coruña,18,0,True
2017–18,19,38,5,7,26,24,74,−50,22,Las Palmas,19,0,True
2017–18,20,38,5,5,28,24,61,−37,20,Málaga,20,0,True
2018–19,1,38,26,9,3,90,36,54,87,Barcelona,1,0,True
2018–19,2,38,22,10,6,55,29,26,76,Atlético Madrid,2,0,True
2018–19,3,38,21,5,12,63,46,17,68,Real Madrid,3,0,True
2018–19,4,38,15,16,7,51,35,16,61,Valencia,4,0,True
2018–19,5,38,15,14,9,48,35,13,59[a],Getafe,5,0,True
2018–19,6,38,17,8,13,62,47,15,59[a],Sevilla,6,0,True
2018–19,7,38,14,11,13,48,50,−2,53[c],Espanyol,7,0,True
2018–19,8,38,13,14,11,41,45,−4,53[c],Athletic Bilbao,16,8,False
2018–19,9,38,13,11,14,45,46,−1,50[d],Real Sociedad,9,0,True
2018–19,10,38,14,8,16,44,52,−8,50[d],Real Betis,10,0,True
2018–19,11,38,13,11,14,39,50,−11,50[d],Alavés,11,0,True
2018–19,12,38,11,14,13,46,50,−4,47,Eibar,12,0,True
2018–19,13,38,11,12,15,37,43,−6,45,Leganés,13,0,True
2018–19,14,38,10,14,14,49,52,−3,44[e],Villarreal,14,0,True
2018–19,15,38,11,11,16,59,66,−7,44[e],Levante,15,0,True
2018–19,16,38,10,11,17,32,51,−19,41[f],Valladolid,16,0,True
2018–19,17,38,10,11,17,53,62,−9,41[f],Celta Vigo,17,0,True
2018–19,18,38,9,10,19,37,53,−16,37,Girona,18,0,True
2018–19,19,38,7,12,19,43,65,−22,33,Huesca,20,1,False
2018–19,20,38,8,8,22,41,70,−29,32,Rayo Vallecano,20,0,True
2019–20,1,38,26,9,3,70,25,45,87,Real Madrid,1,0,True
2019–20,2,38,25,7,6,86,38,48,82,Barcelona,2,0,True
2019–20,3,38,18,16,4,51,27,24,70,Atlético Madrid,3,0,True
2019–20,4,38,19,13,6,54,34,20,70,Sevilla,4,0,True
2019–20,5,38,18,6,14,63,49,14,60,Villarreal,5,0,True
2019–20,6,38,16,8,14,56,48,8,56,Real Sociedad,6,0,True
2019–20,7,38,16,8,14,52,45,7,56,Granada,7,0,True
2019–20,8,38,14,12,12,43,37,6,54,Getafe,8,0,True
2019–20,9,38,14,11,13,46,53,−7,53,Valencia,9,0,True
2019–20,10,38,13,13,12,46,54,−8,52,Osasuna,10,0,True
2019–20,11,38,13,12,13,41,38,3,51,Athletic Bilbao,11,0,True
2019–20,12,38,14,7,17,47,53,−6,49,Levante,12,0,True
2019–20,13,38,9,15,14,32,43,−11,42,Valladolid,13,0,True
2019–20,14,38,11,9,18,39,56,−17,42,Eibar,16,2,False
2019–20,15,38,10,11,17,48,60,−12,41,Real Betis,15,0,True
2019–20,16,38,10,9,19,34,59,−25,39,Alavés,16,0,True
2019–20,17,38,7,16,15,37,49,−12,37,Celta Vigo,17,0,True
2019–20,18,38,8,12,18,30,51,−21,36,Leganés,18,0,True
2019–20,19,38,9,6,23,40,65,−25,33,Mallorca,19,0,True
2019–20,20,38,5,10,23,27,58,−31,25,Espanyol,20,0,True
2020–21,1,38,26,8,4,67,25,42,86,Atlético Madrid,1,0,True
2020–21,2,38,25,9,4,67,28,39,84,Real Madrid,2,0,True
2020–21,3,38,24,7,7,85,38,47,79,Barcelona,3,0,True
2020–21,4,38,24,5,9,53,33,20,77,Sevilla,4,0,True
2020–21,5,38,17,11,10,59,38,21,62,Real Sociedad,5,0,True
2020–21,6,38,17,10,11,50,50,0,61,Real Betis,6,0,True
2020–21,7,38,15,13,10,60,44,16,58,Villarreal,7,0,True
2020–21,8,38,14,11,13,55,57,−2,53,Celta Vigo,8,0,True
2020–21,9,38,13,7,18,47,65,−18,46[d],Granada,9,0,True
2020–21,10,38,11,13,14,46,42,4,46[d],Athletic Bilbao,10,0,True
2020–21,11,38,11,11,16,37,48,−11,44[e],Osasuna,11,0,True
2020–21,12,38,11,11,16,36,58,−22,44[e],Cádiz,12,0,True
2020–21,13,38,10,13,15,50,53,−3,43,Valencia,13,0,True
2020–21,14,38,9,14,15,46,57,−11,41,Levante,14,0,True
2020–21,15,38,9,11,18,28,43,−15,38,Getafe,15,0,True
2020–21,16,38,9,11,18,36,57,−21,38,Alavés,16,0,True
2020–21,17,38,8,12,18,34,55,−21,36,Elche,17,0,True
2020–21,18,38,7,13,18,34,53,−19,34,Huesca,18,0,True
2020–21,19,38,5,16,17,34,57,−23,31,Valladolid,19,0,True
2020–21,20,38,6,12,20,29,52,−23,30,Eibar,20,0,True
2021–22,1,38,26,8,4,80,31,49,86,Real Madrid,1,0,True
2021–22,2,38,21,10,7,68,38,30,73,Barcelona,2,0,True
2021–22,3,38,21,8,9,65,43,22,71,Atlético Madrid,3,0,True
2021–22,4,38,18,16,4,53,30,23,70,Sevilla,4,0,True
2021–22,5,38,19,8,11,62,40,22,65,Real Betis,5,0,True
2021–22,6,38,17,11,10,40,37,3,62,Real Sociedad,6,0,True
2021–22,7,38,16,11,11,63,37,26,59,Villarreal,7,0,True
2021–22,8,38,14,13,11,43,36,7,55,Athletic Bilbao,8,0,True
2021–22,9,38,11,15,12,48,53,−5,48,Valencia,9,0,True
2021–22,10,38,12,11,15,37,51,−14,47,Osasuna,10,0,True
2021–22,11,38,12,10,16,43,43,0,46,Celta Vigo,11,0,True
2021–22,12,38,11,9,18,39,50,−11,42[b],Rayo Vallecano,12,0,True
2021–22,13,38,11,9,18,40,52,−12,42[b],Elche,17,4,False
2021–22,14,38,10,12,16,40,53,−13,42[b],Espanyol,14,0,True
2021–22,15,38,8,15,15,33,41,−8,39[c],Getafe,15,0,True
2021–22,16,38,10,9,19,36,63,−27,39[c],Mallorca,16,0,True
2021–22,17,38,8,15,15,35,51,−16,39[c],Cádiz,18,1,False
2021–22,18,38,8,14,16,44,61,−17,38,Granada,18,0,True
2021–22,19,38,8,11,19,51,76,−25,35,Levante,20,1,False
2021–22,20,38,8,7,23,31,65,−34,31,Alavés,20,0,True
2022–23,1,38,28,4,6,70,20,50,88,Barcelona,1,0,True
2022–23,2,38,24,6,8,75,36,39,78,Real Madrid,2,0,True
2022–23,3,38,23,8,7,70,33,37,77,Atlético Madrid,3,0,True
2022–23,4,38,21,8,9,51,35,16,71,Real Sociedad,4,0,True
2022–23,5,38,19,7,12,59,40,19,64,Villarreal,5,0,True
2022–23,6,38,17,9,12,46,41,5,60,Real Betis,6,0,True
2022–23,7,38,15,8,15,37,42,−5,53,Osasuna,7,0,True
2022–23,8,38,14,9,15,47,43,4,51,Athletic Bilbao,8,0,True
2022–23,9,38,14,8,16,37,43,−6,50,Mallorca,9,0,True
2022–23,10,38,13,10,15,58,55,3,49[b],Girona,10,0,True
2022–23,11,38,13,10,15,45,53,−8,49[b],Rayo Vallecano,11,0,True
2022–23,12,38,13,10,15,47,54,−7,49[b],Sevilla,12,0,True
2022–23,13,38,11,10,17,43,53,−10,43,Celta Vigo,13,0,True
2022–23,14,38,10,12,16,30,53,−23,42[d],Cádiz,19,5,False
2022–23,15,38,10,12,16,34,45,−11,42[d],Getafe,18,3,False
2022–23,16,38,11,9,18,42,45,−3,42[d],Valencia,11,5,False
2022–23,17,38,11,8,19,49,65,−16,41,Almería,17,0,True
2022–23,18,38,11,7,20,33,63,−30,40,Valladolid,18,0,True
2022–23,19,38,8,13,17,52,69,−17,37,Espanyol,19,0,True
2022–23,20,38,5,10,23,30,67,−37,25,Elche,20,0,True
2023–24,1,38,29,8,1,87,26,61,95,Real Madrid,1,0,True
2023–24,2,38,26,7,5,79,44,35,85,Barcelona,1,1,False
2023–24,3,38,25,6,7,85,46,39,81,Girona,12,9,False
2023–24,4,38,24,4,10,70,43,27,76,Atlético Madrid,5,1,False
2023–24,5,38,19,11,8,61,37,24,68,Athletic Bilbao,7,2,False
2023–24,6,38,16,12,10,51,39,12,60,Real Sociedad,6,0,True
2023–24,7,38,14,15,9,48,45,3,57,Real Betis,6,1,False
2023–24,8,38,14,11,13,65,65,0,53,Villarreal,6,2,False
2023–24,9,38,13,10,15,40,45,−5,49,Valencia,6,3,False
2023–24,10,38,12,10,16,36,46,−10,46,Alavés,20,10,False
2023–24,11,38,12,9,17,45,56,−11,45,Osasuna,12,1,False
2023–24,12,38,10,13,15,42,54,−12,43,Getafe,12,0,True
2023–24,13,38,10,11,17,46,57,−11,41[b],Celta Vigo,12,1,False
2023–24,14,38,10,11,17,48,54,−6,41[b],Sevilla,6,8,False
2023–24,15,38,8,16,14,33,44,−11,40[c],Mallorca,12,3,False
2023–24,16,38,10,10,18,33,47,−14,40[c],Las Palmas,20,4,False
2023–24,17,38,8,14,16,29,48,−19,38,Rayo Vallecano,12,5,False
2023–24,18,38,6,15,17,26,55,−29,33,Cádiz,18,0,True
2023–24,19,38,3,12,23,43,75,−32,21[d],Almería,12,7,False
2023–24,20,38,4,9,25,38,79,−41,21[d],Granada,20,0,True
